key,key:userAccount,name,vat,summary,more-info
company-01,user-account-company-01,CatsAndDogs,E93,the company focuses on good optimization,https://ev.us.es
company-02,user-account-company-01,C,E93,the company focuses on good optimization,https://ev.us.es
company-03,user-account-company-01,Ca,E93,the company focuses on good optimization,https://ev.us.es
company-04,user-account-company-01,Sed ut perspiciatis unde omnis iste natus error sit voluptatem accusantium,E93,the company focuses on good optimization,https://ev.us.es
company-05,user-account-company-01,Sed ut perspiciatis unde omnis iste natus error sit voluptatem accusantium.,E93,the company focuses on good optimization,https://ev.us.es
company-06,user-account-company-01,$$$$%%%&&&&,E93,the company focuses on good optimization,https://ev.us.es
company-07,user-account-company-01,PingüinosCompany,E93,the company focuses on good optimization,https://ev.us.es
company-08,user-account-company-01,"system.out.println(""Hello World"")",E93,the company focuses on good optimization,https://ev.us.es
company-09,user-account-company-01,母亲,E93,the company focuses on good optimization,https://ev.us.es
company-10,user-account-company-01,CatsAndDogs,E,the company focuses on good optimization,https://ev.us.es
company-11,user-account-company-01,CatsAndDogs,E9,the company focuses on good optimization,https://ev.us.es
company-12,user-account-company-01,CatsAndDogs,E939876HGFTYHJKHGTYUNBVF,the company focuses on good optimization,https://ev.us.es
company-13,user-account-company-01,CatsAndDogs,E939876HGFTYHJKHGTYUNBVF0,the company focuses on good optimization,https://ev.us.es
company-14,user-account-company-01,CatsAndDogs,母亲母亲母亲母亲母亲,the company focuses on good optimization,https://ev.us.es
company-15,user-account-company-01,CatsAndDogs,&&%$%$%$%$%$%$%,the company focuses on good optimization,https://ev.us.es
company-16,user-account-company-01,CatsAndDogs,E93,t,https://ev.us.es
company-17,user-account-company-01,CatsAndDogs,E93,th,https://ev.us.es
company-18,user-account-company-01,CatsAndDogs,E93,"abc def ghi jkl mno pqrs tuv wxyz ABC DEF GHI JKL MNO PQRS TUV WXYZ !""§ $%& /() =?* '<> #|h ²³~ @`´",https://ev.us.es
company-19,user-account-company-01,CatsAndDogs,E93,"abc def ghi jkl mno pqrs tuv wxyz ABC DEF GHI JKL MNO PQRS TUV WXYZ !""§ $%& /() =?* '<> #|h ²³~ @`´.",https://ev.us.es
company-20,user-account-company-01,CatsAndDogs,E93,the company focuses on good optimization,null
company-21,user-account-company-01,CatsAndDogs,E93,the company focuses on good optimization,p://a.b.c?
