key,moment,title,nick,message,email,link
peep-01,2022/06/06 12:00,I am trying to reach you,Juan,"Please, call me back soon",peep02@gmail.com,https://www.amazon.com/
peep-02,1990/01/01 00:00,I am trying to reach you,Juan,"Please, call me back soon",peep02@gmail.com,https://www.amazon.com/
peep-03,2020/12/31 23:59,I am trying to reach you,Juan,"Please, call me back soon",peep02@gmail.com,https://www.amazon.com/
peep-04,2021/01/28 19:37,I am trying to reach you,Juan,"Please, call me back soon",peep02@gmail.com,https://www.amazon.com/
peep-05,2021/01/28 19:37,I am trying to reach you,Juan,"Please, call me back soon",peep02@gmail.com,https://www.amazon.com/
peep-06,2000/02/27 00:01,I am trying to reach you,Juan,"Please, call me back soon",peep02@gmail.com,https://www.amazon.com/
peep-07,2022/06/06 12:00,1,Juan,"Please, call me back soon",peep02@gmail.com,https://www.amazon.com/
peep-08,2022/06/06 12:00,a2,Juan,"Please, call me back soon",peep02@gmail.com,https://www.amazon.com/
peep-09,2022/06/06 12:00,"74rem ipsum dolor sit amet, consectetuer adipiscing elit. Aenean commodo l",Juan,"Please, call me back soon",peep02@gmail.com,https://www.amazon.com/
peep-10,2022/06/06 12:00,"75rem ipsum dolor sit amet, consectetuer adipiscing elit. Aenean commodo lm",Juan,"Please, call me back soon",peep02@gmail.com,https://www.amazon.com/
peep-11,2022/06/06 12:00,"print(""""hi"""");",Juan,"Please, call me back soon",peep02@gmail.com,https://www.amazon.com/
peep-12,2022/06/06 12:00,لوحة مفاتيــــدة,Juan,"Please, call me back soon",peep02@gmail.com,https://www.amazon.com/
peep-13,2022/06/06 12:00,I am trying to reach you,1,"Please, call me back soon",peep02@gmail.com,https://www.amazon.com/
peep-14,2022/06/06 12:00,I am trying to reach you,2a,"Please, call me back soon",peep02@gmail.com,https://www.amazon.com/
peep-15,2022/06/06 12:00,I am trying to reach you,"74rem ipsum dolor sit amet, consectetuer adipiscing elit. Aenean commodo l","Please, call me back soon",peep02@gmail.com,https://www.amazon.com/
peep-16,2022/06/06 12:00,I am trying to reach you,"75rem ipsum dolor sit amet, consectetuer adipiscing elit. Aenean commodo lm","Please, call me back soon",peep02@gmail.com,https://www.amazon.com/
peep-17,2022/06/06 12:00,I am trying to reach you,"system.out.println(""hola"")","Please, call me back soon",peep02@gmail.com,https://www.amazon.com/
peep-18,2022/06/06 12:00,I am trying to reach you,----++++++,"Please, call me back soon",peep02@gmail.com,https://www.amazon.com/
peep-19,2022/06/06 12:00,I am trying to reach you,Juan,1,peep02@gmail.com,https://www.amazon.com/
peep-20,2022/06/06 12:00,I am trying to reach you,Juan,2a,peep02@gmail.com,https://www.amazon.com/
peep-21,2022/06/06 12:00,I am trying to reach you,Juan,"99rem ipsum dolor sit amet, consectetuer adipiscing elit. Aenean commodo ligula eget dolor. Aenean.",peep02@gmail.com,https://www.amazon.com/
peep-22,2022/06/06 12:00,I am trying to reach you,Juan,"100em ipsum dolor sit amet, consectetuer adipiscing elit. Aenean commodo ligula eget dolor. Aenean m",peep02@gmail.com,https://www.amazon.com/
peep-23,2022/06/06 12:00,I am trying to reach you,Juan,"print(""""hi"""");",peep02@gmail.com,https://www.amazon.com/
peep-24,2022/06/06 12:00,I am trying to reach you,Juan,لوحة مفاتيــــدة,peep02@gmail.com,https://www.amazon.com/
peep-25,2022/06/06 12:00,I am trying to reach you,Juan,"Please, call me back soon",,https://www.amazon.com/
peep-26,2022/06/06 12:00,I am trying to reach you,Juan,"Please, call me back soon",a@a.es,https://www.amazon.com/
peep-27,2022/06/06 12:00,I am trying to reach you,Juan,"Please, call me back soon",eeeeeeeeeeeeeeeeeeeeee@outlook.com,https://www.amazon.com/
peep-28,2022/06/06 12:00,I am trying to reach you,Juan,"Please, call me back soon",a@hotmail.e,https://www.amazon.com/
peep-29,2022/06/06 12:00,I am trying to reach you,Juan,"Please, call me back soon",peep02@gmail.com,
peep-30,2022/06/06 12:00,I am trying to reach you,Juan,"Please, call me back soon",peep02@gmail.com,https://pbs.twimg.com/media/FrWArBEXgAArOT7.jpg
peep-31,2022/06/06 12:00,I am trying to reach you,Juan,"Please, call me back soon",peep02@gmail.com,https://discord.gg/npV3Kzjx
